date,factor,quantile,forward_return
2021-03-05,momentum_20d,1,0.00934107437325066
2021-03-05,momentum_20d,2,-0.03959274697304245
2021-03-05,momentum_20d,3,-0.03184737005192578
2021-03-05,momentum_20d,4,-0.010892375855898903
2021-03-05,momentum_20d,5,-0.03388148061484684
2021-04-02,momentum_20d,1,-0.03451328886611164
2021-04-02,momentum_20d,2,-0.011572929914491782
2021-04-02,momentum_20d,3,-0.032521033727976933
2021-04-02,momentum_20d,4,-0.003641872948136704
2021-04-02,momentum_20d,5,0.004329430286670297
2021-05-06,momentum_20d,1,0.05948093334080943
2021-05-06,momentum_20d,2,0.017074717067098996
2021-05-06,momentum_20d,3,0.022906237520168446
2021-05-06,momentum_20d,4,0.030787054003082667
2021-05-06,momentum_20d,5,0.04151547733058329
2021-06-03,momentum_20d,1,-0.03290514470778425
2021-06-03,momentum_20d,2,0.033149646891353
2021-06-03,momentum_20d,3,0.014631360885242332
2021-06-03,momentum_20d,4,-0.02368489475363623
2021-06-03,momentum_20d,5,-0.00794008341415992
2021-07-02,momentum_20d,1,-0.08002782367584889
2021-07-02,momentum_20d,2,-0.029985500682047177
2021-07-02,momentum_20d,3,-0.010117792126284324
2021-07-02,momentum_20d,4,-0.03702012238411057
2021-07-02,momentum_20d,5,0.024446863805680532
2021-07-30,momentum_20d,1,-0.01626887415277932
2021-07-30,momentum_20d,2,0.02667037636189782
2021-07-30,momentum_20d,3,0.04337126240916592
2021-07-30,momentum_20d,4,0.04091797979253734
2021-07-30,momentum_20d,5,0.010646355340744512
2021-08-27,momentum_20d,1,0.013106597263615754
2021-08-27,momentum_20d,2,0.003059191757501482
2021-08-27,momentum_20d,3,0.034276879137204515
2021-08-27,momentum_20d,4,0.06288995217661993
2021-08-27,momentum_20d,5,0.020287473051799728
2021-09-28,momentum_20d,1,0.029186715694495054
2021-09-28,momentum_20d,2,-0.004191726190099319
2021-09-28,momentum_20d,3,-0.02103729817759469
2021-09-28,momentum_20d,4,-0.0231940816143449
2021-09-28,momentum_20d,5,-0.08770258139479462
2021-11-02,momentum_20d,1,0.02585359790880132
2021-11-02,momentum_20d,2,0.018707621442676358
2021-11-02,momentum_20d,3,0.010570913125540066
2021-11-02,momentum_20d,4,-0.0005807508150542281
2021-11-02,momentum_20d,5,-0.014087765243130886
2021-11-30,momentum_20d,1,0.04423387042628999
2021-11-30,momentum_20d,2,0.04841750691529486
2021-11-30,momentum_20d,3,0.04346607019889396
2021-11-30,momentum_20d,4,0.04560053311765946
2021-11-30,momentum_20d,5,-0.00340859739321299
2021-12-28,momentum_20d,1,-0.04284851169763824
2021-12-28,momentum_20d,2,-0.023354631894049935
2021-12-28,momentum_20d,3,-0.03819100716888203
2021-12-28,momentum_20d,4,0.01290746324230486
2021-12-28,momentum_20d,5,-0.01820558673036216
2022-01-26,momentum_20d,1,-0.012921248377629712
2022-01-26,momentum_20d,2,-0.022131424391155147
2022-01-26,momentum_20d,3,-0.04222469059937555
2022-01-26,momentum_20d,4,-0.01896812999763869
2022-01-26,momentum_20d,5,-0.007012239806530647
2022-03-02,momentum_20d,1,-0.08680443426222403
2022-03-02,momentum_20d,2,-0.07319541075832009
2022-03-02,momentum_20d,3,-0.08238658000735895
2022-03-02,momentum_20d,4,-0.05548748493303583
2022-03-02,momentum_20d,5,-0.07259417689379077
2022-03-30,momentum_20d,1,-0.07347313920457163
2022-03-30,momentum_20d,2,-0.06712747023730124
2022-03-30,momentum_20d,3,-0.08152679625807122
2022-03-30,momentum_20d,4,-0.04437541190863235
2022-03-30,momentum_20d,5,-0.06700966158802496
2022-04-29,momentum_20d,1,0.07797372445016859
2022-04-29,momentum_20d,2,0.052983240289748566
2022-04-29,momentum_20d,3,0.046799708534069985
2022-04-29,momentum_20d,4,0.01196188649680829
2022-04-29,momentum_20d,5,0.005739062819047989
2022-06-01,momentum_20d,1,0.09826159381117198
2022-06-01,momentum_20d,2,0.06650366940822722
2022-06-01,momentum_20d,3,0.11406959267891686
2022-06-01,momentum_20d,4,0.09247942948721959
2022-06-01,momentum_20d,5,0.11298540646734127
2022-06-30,momentum_20d,1,-0.022030829597844935
2022-06-30,momentum_20d,2,-0.03477024608475357
2022-06-30,momentum_20d,3,-0.03958261837621827
2022-06-30,momentum_20d,4,-0.06428121555708638
2022-06-30,momentum_20d,5,-0.06837566688039849
2022-07-28,momentum_20d,1,-0.04397160511096767
2022-07-28,momentum_20d,2,-0.026658345505471172
2022-07-28,momentum_20d,3,-0.010166015292005183
2022-07-28,momentum_20d,4,-0.0010001380073679808
2022-07-28,momentum_20d,5,-0.03060848189496774
2022-08-25,momentum_20d,1,-0.06892275891764518
2022-08-25,momentum_20d,2,-0.06408666090538304
2022-08-25,momentum_20d,3,-0.055036869042174925
2022-08-25,momentum_20d,4,-0.05810784866887622
2022-08-25,momentum_20d,5,-0.06379156616045482
2022-09-23,momentum_20d,1,-0.04404485569787271
2022-09-23,momentum_20d,2,-0.029586647251207472
2022-09-23,momentum_20d,3,-0.04987630594301177
2022-09-23,momentum_20d,4,-0.07171121789810253
2022-09-23,momentum_20d,5,-0.04559864343884985
2022-10-28,momentum_20d,1,0.10734578166521344
2022-10-28,momentum_20d,2,0.08770302928243805
2022-10-28,momentum_20d,3,0.07558756675074241
2022-10-28,momentum_20d,4,0.04894009940871361
2022-10-28,momentum_20d,5,0.0232050434076184
2022-11-25,momentum_20d,1,-0.019832795001054965
2022-11-25,momentum_20d,2,-0.01850166926856074
2022-11-25,momentum_20d,3,-0.010525099889685752
2022-11-25,momentum_20d,4,0.016501126498883027
2022-11-25,momentum_20d,5,0.003739799458671735
2022-12-23,momentum_20d,1,0.1178972605578239
2022-12-23,momentum_20d,2,0.10216769746129888
2022-12-23,momentum_20d,3,0.086050405876836
2022-12-23,momentum_20d,4,0.1504054203780952
2022-12-23,momentum_20d,5,0.0645601702507265
2023-01-30,momentum_20d,1,-0.007572300846584794
2023-01-30,momentum_20d,2,-0.004984399021082635
2023-01-30,momentum_20d,3,0.016324958113965237
2023-01-30,momentum_20d,4,-0.01728387761760896
2023-01-30,momentum_20d,5,-0.053657420514986606
2023-02-27,momentum_20d,1,-0.025413684226620277
2023-02-27,momentum_20d,2,-0.016991750048852797
2023-02-27,momentum_20d,3,0.026614884505659304
2023-02-27,momentum_20d,4,0.0015871552664673493
2023-02-27,momentum_20d,5,0.03899041034939076
2023-03-27,momentum_20d,1,-0.070270228425321
2023-03-27,momentum_20d,2,-0.04050435954770027
2023-03-27,momentum_20d,3,-0.026217126136368292
2023-03-27,momentum_20d,4,0.020637430133115055
2023-03-27,momentum_20d,5,0.025600957974472392
2023-04-25,momentum_20d,1,-0.027518947795894533
2023-04-25,momentum_20d,2,-0.013959438767654403
2023-04-25,momentum_20d,3,-0.011154269997477994
2023-04-25,momentum_20d,4,-0.0232247853507783
2023-04-25,momentum_20d,5,-0.04756152232723978
2023-05-26,momentum_20d,1,0.03508737004383512
2023-05-26,momentum_20d,2,0.020965215705289152
2023-05-26,momentum_20d,3,-0.004770704225624541
2023-05-26,momentum_20d,4,-0.024997745594969752
2023-05-26,momentum_20d,5,0.00401702924683498
2023-06-27,momentum_20d,1,0.030551389148109728
2023-06-27,momentum_20d,2,0.05370046102196545
2023-06-27,momentum_20d,3,0.018492356052885527
2023-06-27,momentum_20d,4,0.03894057459493414
2023-06-27,momentum_20d,5,0.00016076046705995278
2023-07-25,momentum_20d,1,-0.06892953191585356
2023-07-25,momentum_20d,2,-0.034814099884565124
2023-07-25,momentum_20d,3,-0.04106978303607913
2023-07-25,momentum_20d,4,-0.02937093668982811
2023-07-25,momentum_20d,5,-0.028685291707756227
2023-08-22,momentum_20d,1,-0.02660931052663518
2023-08-22,momentum_20d,2,-0.020616940815716602
2023-08-22,momentum_20d,3,-0.0042368039542898025
2023-08-22,momentum_20d,4,0.0008062777913340886
2023-08-22,momentum_20d,5,-0.0301481788798862
2023-09-19,momentum_20d,1,-0.07944376831051067
2023-09-19,momentum_20d,2,-0.06000834077946045
2023-09-19,momentum_20d,3,-0.05507962614678656
2023-09-19,momentum_20d,4,-0.03583034801772831
2023-09-19,momentum_20d,5,-0.046077683265661994
2023-10-25,momentum_20d,1,0.03821390981174313
2023-10-25,momentum_20d,2,0.006114835348061163
2023-10-25,momentum_20d,3,0.008399002711035847
2023-10-25,momentum_20d,4,0.02289916291096427
2023-10-25,momentum_20d,5,0.0062453358879930995
2023-11-22,momentum_20d,1,-0.08193084131680077
2023-11-22,momentum_20d,2,-0.05401705257170359
2023-11-22,momentum_20d,3,-0.08642167272202676
2023-11-22,momentum_20d,4,-0.07778012382921863
2023-11-22,momentum_20d,5,-0.05314533126599336
2023-12-20,momentum_20d,1,0.016467975281002273
2023-12-20,momentum_20d,2,-0.00386898228975702
2023-12-20,momentum_20d,3,-0.010953872298417454
2023-12-20,momentum_20d,4,-0.023598870578638603
2023-12-20,momentum_20d,5,-0.012832620643029478
2024-01-18,momentum_20d,1,0.01332928595526257
2024-01-18,momentum_20d,2,0.06272916766265907
2024-01-18,momentum_20d,3,0.0815240572766345
2024-01-18,momentum_20d,4,0.059078534208267815
2024-01-18,momentum_20d,5,0.029894519736813046
2024-02-23,momentum_20d,1,0.0402879933852384
2024-02-23,momentum_20d,2,0.046181890835782315
2024-02-23,momentum_20d,3,0.014459835553684929
2024-02-23,momentum_20d,4,0.004630092802738426
2024-02-23,momentum_20d,5,0.002097826323838157
2024-03-22,momentum_20d,1,-0.010485522661758999
2024-03-22,momentum_20d,2,-0.021830155283185358
2024-03-22,momentum_20d,3,-0.007033369363753644
2024-03-22,momentum_20d,4,-0.02879357409846561
2024-03-22,momentum_20d,5,-0.053497914510517844
2024-04-23,momentum_20d,1,0.07509023474428006
2024-04-23,momentum_20d,2,0.03227907564651787
2024-04-23,momentum_20d,3,0.018628494305635766
2024-04-23,momentum_20d,4,0.025661867153068445
2024-04-23,momentum_20d,5,0.03435483874315583
2024-05-24,momentum_20d,1,-0.038387793799500844
2024-05-24,momentum_20d,2,-0.027423644632040278
2024-05-24,momentum_20d,3,-0.0471118209827236
2024-05-24,momentum_20d,4,-0.017984836160293408
2024-05-24,momentum_20d,5,-0.044398557387064684
2024-06-24,momentum_20d,1,-0.008266431747883607
2024-06-24,momentum_20d,2,0.005706702330452371
2024-06-24,momentum_20d,3,0.019271239419031642
2024-06-24,momentum_20d,4,0.020389206425501214
2024-06-24,momentum_20d,5,0.04709635031979224
2024-07-22,momentum_20d,1,-0.05266730940387568
2024-07-22,momentum_20d,2,-0.05496015176593933
2024-07-22,momentum_20d,3,-0.04179047945476684
2024-07-22,momentum_20d,4,-0.0264633937648393
2024-07-22,momentum_20d,5,-0.04956411879363727
2024-08-19,momentum_20d,1,-0.06443701779686258
2024-08-19,momentum_20d,2,-0.06089199135550854
2024-08-19,momentum_20d,3,-0.054508322141085475
2024-08-19,momentum_20d,4,-0.03664881516079922
2024-08-19,momentum_20d,5,-0.06343311877473116
2024-09-18,momentum_20d,1,0.33570288753587385
2024-09-18,momentum_20d,2,0.2827403301023731
2024-09-18,momentum_20d,3,0.2555100568195078
2024-09-18,momentum_20d,4,0.30342927355370997
2024-09-18,momentum_20d,5,0.21950549612565406
2024-10-23,momentum_20d,1,-0.00448828388233037
2024-10-23,momentum_20d,2,-0.0015581812176054311
2024-10-23,momentum_20d,3,0.018390247594534743
2024-10-23,momentum_20d,4,0.034236364290436486
2024-10-23,momentum_20d,5,0.04916404826694603
2024-11-20,momentum_20d,1,-0.021450927257081132
2024-11-20,momentum_20d,2,-0.0038837734098773873
2024-11-20,momentum_20d,3,-0.007391889116080837
2024-11-20,momentum_20d,4,-0.01456394423327265
2024-11-20,momentum_20d,5,-0.04173039235352954
2024-12-18,momentum_20d,1,-0.04326364067317888
2024-12-18,momentum_20d,2,-0.0282542548464583
2024-12-18,momentum_20d,3,-0.07216556376749118
2024-12-18,momentum_20d,4,-0.04552625855249792
2024-12-18,momentum_20d,5,-0.018567911560389023
2025-01-16,momentum_20d,1,0.08400917818867326
2025-01-16,momentum_20d,2,0.03247524596397933
2025-01-16,momentum_20d,3,0.036230736296045035
2025-01-16,momentum_20d,4,0.03211297862766489
2025-01-16,momentum_20d,5,0.053950238835978125
2025-02-21,momentum_20d,1,0.03409085388132403
2025-02-21,momentum_20d,2,0.014742275075605117
2025-02-21,momentum_20d,3,0.0007700190517657821
2025-02-21,momentum_20d,4,-0.02861007879465316
2025-02-21,momentum_20d,5,-0.07886530551891045
2025-03-21,momentum_20d,1,-0.08076592123995256
2025-03-21,momentum_20d,2,-0.03392306627370776
2025-03-21,momentum_20d,3,-0.016987619026563733
2025-03-21,momentum_20d,4,-0.029102258242228864
2025-03-21,momentum_20d,5,-0.027589532021944696
2025-04-21,momentum_20d,1,0.050243944394384954
2025-04-21,momentum_20d,2,0.033870100241048515
2025-04-21,momentum_20d,3,0.003527816013944912
2025-04-21,momentum_20d,4,0.020287813079101755
2025-04-21,momentum_20d,5,0.0033346940495585027
2025-05-22,momentum_20d,1,-0.027510245452205633
2025-05-22,momentum_20d,2,-0.010984777354245752
2025-05-22,momentum_20d,3,-0.010363667723305174
2025-05-22,momentum_20d,4,-0.0014606678930108067
2025-05-22,momentum_20d,5,0.014757506300108478
2025-06-20,momentum_20d,1,0.06360597001406838
2025-06-20,momentum_20d,2,0.0649485236413014
2025-06-20,momentum_20d,3,0.05935083988287096
2025-06-20,momentum_20d,4,0.06238251865099728
2025-06-20,momentum_20d,5,0.09562879630846158
2025-07-18,momentum_20d,1,0.003929952744972819
2025-07-18,momentum_20d,2,0.02837337031290027
2025-07-18,momentum_20d,3,0.04376366512161953
2025-07-18,momentum_20d,4,0.06513215479228773
2025-07-18,momentum_20d,5,0.07755638655997159
2025-08-15,momentum_20d,1,0.021081066329381316
2025-08-15,momentum_20d,2,0.058005565006707484
2025-08-15,momentum_20d,3,0.07993088898294239
2025-08-15,momentum_20d,4,0.0715106241759027
2025-08-15,momentum_20d,5,0.12125011824637838
2025-09-12,momentum_20d,1,0.0061236323165654895
2025-09-12,momentum_20d,2,0.0055474736394978165
2025-09-12,momentum_20d,3,-0.0067582987348644395
2025-09-12,momentum_20d,4,-0.00581619958997671
2025-09-12,momentum_20d,5,0.028753885920533535
2025-10-20,momentum_20d,1,9.930578010788153e-05
2025-10-20,momentum_20d,2,0.02703538888204961
2025-10-20,momentum_20d,3,0.02333035883215518
2025-10-20,momentum_20d,4,0.014139094658564633
2025-10-20,momentum_20d,5,0.01774902340625101
2025-11-17,momentum_20d,1,-0.004365734941916773
2025-11-17,momentum_20d,2,-0.016606911803215725
2025-11-17,momentum_20d,3,-0.02482330963523396
2025-11-17,momentum_20d,4,-0.024503547860082197
2025-11-17,momentum_20d,5,-0.05381286121456209
2025-12-15,momentum_20d,1,0.07838787384934727
2025-12-15,momentum_20d,2,0.07582830009656757
2025-12-15,momentum_20d,3,0.050565687875036874
2025-12-15,momentum_20d,4,0.024180391917595884
2025-12-15,momentum_20d,5,0.09586519878359243
2026-01-14,momentum_20d,1,0.0006401620018624712
2026-01-14,momentum_20d,2,-0.01813520021209336
2026-01-14,momentum_20d,3,0.02163912128535934
2026-01-14,momentum_20d,4,-0.0031553838925875615
2026-01-14,momentum_20d,5,0.02092642590112455
2026-02-11,momentum_20d,1,-0.05455602241768066
2026-02-11,momentum_20d,2,-0.02271925411636774
2026-02-11,momentum_20d,3,-0.022671523247062807
2026-02-11,momentum_20d,4,-0.030446156001750956
2026-02-11,momentum_20d,5,-0.015435596486354996
2026-03-19,momentum_20d,1,0.009221588031343346
2026-03-19,momentum_20d,2,-0.0050522140964141555
2026-03-19,momentum_20d,3,0.005631573625126346
2026-03-19,momentum_20d,4,0.0003527188024028423
2026-03-19,momentum_20d,5,0.006097398607335758
2026-04-17,momentum_20d,1,-0.002725820462008947
2026-04-17,momentum_20d,2,-0.01987336880274162
2026-04-17,momentum_20d,3,-0.0017614368966559029
2026-04-17,momentum_20d,4,0.02160311164153505
2026-04-17,momentum_20d,5,0.056335806390309794
2026-05-20,momentum_20d,1,-0.07400306794505826
2026-05-20,momentum_20d,2,-0.04603032323873946
2026-05-20,momentum_20d,3,-0.022090535661050247
2026-05-20,momentum_20d,4,-0.021510927217577566
2026-05-20,momentum_20d,5,0.03359722428985915
2021-03-05,reversal_5d,1,-0.05083711913018821
2021-03-05,reversal_5d,2,-0.015709284700389056
2021-03-05,reversal_5d,3,-0.01020889235549269
2021-03-05,reversal_5d,4,-0.03375614138663819
2021-03-05,reversal_5d,5,-0.0015870277268365152
2021-04-02,reversal_5d,1,0.0006756023800103761
2021-04-02,reversal_5d,2,0.037191535286552634
2021-04-02,reversal_5d,3,-0.02656127322707153
2021-04-02,reversal_5d,4,-0.04838158720904508
2021-04-02,reversal_5d,5,-0.04084397240049317
2021-05-06,reversal_5d,1,0.04003495801919435
2021-05-06,reversal_5d,2,0.024340444865572613
2021-05-06,reversal_5d,3,0.028572628842989233
2021-05-06,reversal_5d,4,0.025671411632328788
2021-05-06,reversal_5d,5,0.05314497590165783
2021-06-03,reversal_5d,1,0.0054320258863759475
2021-06-03,reversal_5d,2,-0.029239292397559978
2021-06-03,reversal_5d,3,0.012500930218431626
2021-06-03,reversal_5d,4,-0.020216153141863986
2021-06-03,reversal_5d,5,0.01477337433563131
2021-07-02,reversal_5d,1,-0.004258219820818088
2021-07-02,reversal_5d,2,-0.06387809449185283
2021-07-02,reversal_5d,3,-0.03900888611347649
2021-07-02,reversal_5d,4,-0.006092599324996153
2021-07-02,reversal_5d,5,-0.019991867929415822
2021-07-30,reversal_5d,1,-0.016223991071050475
2021-07-30,reversal_5d,2,0.014815879301904197
2021-07-30,reversal_5d,3,0.041782070042913164
2021-07-30,reversal_5d,4,0.05242269499488878
2021-07-30,reversal_5d,5,0.012513959943473084
2021-08-27,reversal_5d,1,0.013365928448781476
2021-08-27,reversal_5d,2,0.04856629236908557
2021-08-27,reversal_5d,3,0.02866104896885328
2021-08-27,reversal_5d,4,0.02795329530658899
2021-08-27,reversal_5d,5,0.015073528293432078
2021-09-28,reversal_5d,1,-0.03496862046228099
2021-09-28,reversal_5d,2,0.007839616012703169
2021-09-28,reversal_5d,3,-0.015794224291853134
2021-09-28,reversal_5d,4,-0.008228525925193393
2021-09-28,reversal_5d,5,-0.05569983245095176
2021-11-02,reversal_5d,1,-0.008680166338407366
2021-11-02,reversal_5d,2,0.005227909891601186
2021-11-02,reversal_5d,3,0.015281071912095056
2021-11-02,reversal_5d,4,-0.0019374661405335317
2021-11-02,reversal_5d,5,0.030572267094077284
2021-11-30,reversal_5d,1,-0.006326202813726508
2021-11-30,reversal_5d,2,0.04222110885615117
2021-11-30,reversal_5d,3,0.03958257819275612
2021-11-30,reversal_5d,4,0.029836739364226043
2021-11-30,reversal_5d,5,0.0725644316018732
2021-12-28,reversal_5d,1,-0.02564185099034919
2021-12-28,reversal_5d,2,-0.05542587661819422
2021-12-28,reversal_5d,3,-0.033662596620161696
2021-12-28,reversal_5d,4,0.014949372630135318
2021-12-28,reversal_5d,5,-0.009830458175973441
2022-01-26,reversal_5d,1,-0.01197880945435339
2022-01-26,reversal_5d,2,-0.011908072303092385
2022-01-26,reversal_5d,3,-0.01907491273311391
2022-01-26,reversal_5d,4,-0.03136950114177575
2022-01-26,reversal_5d,5,-0.024491853139971584
2022-03-02,reversal_5d,1,-0.0658229431332896
2022-03-02,reversal_5d,2,-0.05289126347609041
2022-03-02,reversal_5d,3,-0.0736152720070237
2022-03-02,reversal_5d,4,-0.07893061553234823
2022-03-02,reversal_5d,5,-0.09920799270597774
2022-03-30,reversal_5d,1,-0.035373959831643154
2022-03-30,reversal_5d,2,-0.0652565093683369
2022-03-30,reversal_5d,3,-0.07631741699485887
2022-03-30,reversal_5d,4,-0.09202344842899718
2022-03-30,reversal_5d,5,-0.06454114457276529
2022-04-29,reversal_5d,1,0.06687625763416483
2022-04-29,reversal_5d,2,0.03925712652464299
2022-04-29,reversal_5d,3,0.03036008700479309
2022-04-29,reversal_5d,4,0.0298183144916384
2022-04-29,reversal_5d,5,0.029145836934604114
2022-06-01,reversal_5d,1,0.12000421741409006
2022-06-01,reversal_5d,2,0.11217727412698793
2022-06-01,reversal_5d,3,0.09385971526941105
2022-06-01,reversal_5d,4,0.06874195973065735
2022-06-01,reversal_5d,5,0.08914907299519409
2022-06-30,reversal_5d,1,-0.0977638572840557
2022-06-30,reversal_5d,2,-0.03863806999197275
2022-06-30,reversal_5d,3,-0.06302512939081774
2022-06-30,reversal_5d,4,-0.012299530718578314
2022-06-30,reversal_5d,5,-0.016439191639399157
2022-07-28,reversal_5d,1,-0.0019283700833839365
2022-07-28,reversal_5d,2,-0.018053608695691545
2022-07-28,reversal_5d,3,-0.029954856431159537
2022-07-28,reversal_5d,4,-0.014981005358384184
2022-07-28,reversal_5d,5,-0.047486745242160566
2022-08-25,reversal_5d,1,-0.04337859611743264
2022-08-25,reversal_5d,2,-0.02258429039534508
2022-08-25,reversal_5d,3,-0.06852809993202658
2022-08-25,reversal_5d,4,-0.0751342287117432
2022-08-25,reversal_5d,5,-0.10032048853798668
2022-09-23,reversal_5d,1,-0.07568024125352853
2022-09-23,reversal_5d,2,-0.054007378950200864
2022-09-23,reversal_5d,3,-0.05419243606577188
2022-09-23,reversal_5d,4,-0.04551033427028444
2022-09-23,reversal_5d,5,-0.011427279689258609
2022-10-28,reversal_5d,1,0.023278051579714083
2022-10-28,reversal_5d,2,0.05127319249743358
2022-10-28,reversal_5d,3,0.08346839872091395
2022-10-28,reversal_5d,4,0.08322929902596925
2022-10-28,reversal_5d,5,0.10153257869069504
2022-11-25,reversal_5d,1,-0.041261597782402216
2022-11-25,reversal_5d,2,-0.030167751108577265
2022-11-25,reversal_5d,3,-0.0021758289504763624
2022-11-25,reversal_5d,4,0.015349268571199389
2022-11-25,reversal_5d,5,0.029637271068509743
2022-12-23,reversal_5d,1,0.08252630955314406
2022-12-23,reversal_5d,2,0.11653450241664014
2022-12-23,reversal_5d,3,0.07281855309304831
2022-12-23,reversal_5d,4,0.12229408238290225
2022-12-23,reversal_5d,5,0.12690750707904572
2023-01-30,reversal_5d,1,-0.052005298678302524
2023-01-30,reversal_5d,2,0.0127424227919123
2023-01-30,reversal_5d,3,0.00182099867123367
2023-01-30,reversal_5d,4,-0.01718708926187077
2023-01-30,reversal_5d,5,-0.020868075911266316
2023-02-27,reversal_5d,1,-0.0030182499102649513
2023-02-27,reversal_5d,2,-0.006838610887192779
2023-02-27,reversal_5d,3,-0.0017512113155921253
2023-02-27,reversal_5d,4,0.0007358220747031778
2023-02-27,reversal_5d,5,0.035659265884391014
2023-03-27,reversal_5d,1,-0.05141718962960203
2023-03-27,reversal_5d,2,-0.052420623846852824
2023-03-27,reversal_5d,3,-0.024590675124187465
2023-03-27,reversal_5d,4,0.003300818437275266
2023-03-27,reversal_5d,5,0.03437434416156493
2023-04-25,reversal_5d,1,-0.04060128727577318
2023-04-25,reversal_5d,2,-0.030976942669476037
2023-04-25,reversal_5d,3,-0.02709171986950306
2023-04-25,reversal_5d,4,-0.01212415794688599
2023-04-25,reversal_5d,5,-0.012624856477406736
2023-05-26,reversal_5d,1,0.020823015010222146
2023-05-26,reversal_5d,2,-0.004253325843417009
2023-05-26,reversal_5d,3,-0.004288029447269239
2023-05-26,reversal_5d,4,0.01948728538366253
2023-05-26,reversal_5d,5,-0.0014677799278334624
2023-06-27,reversal_5d,1,0.0031490858812846757
2023-06-27,reversal_5d,2,0.0289899480420102
2023-06-27,reversal_5d,3,0.02541577028648011
2023-06-27,reversal_5d,4,0.0506184623343832
2023-06-27,reversal_5d,5,0.03345138278756769
2023-07-25,reversal_5d,1,-0.02144807985944627
2023-07-25,reversal_5d,2,-0.0183021967134429
2023-07-25,reversal_5d,3,-0.04620238200240736
2023-07-25,reversal_5d,4,-0.05283835570608518
2023-07-25,reversal_5d,5,-0.07076083004020658
2023-08-22,reversal_5d,1,-0.0002680243361641096
2023-08-22,reversal_5d,2,-0.0038545514914401354
2023-08-22,reversal_5d,3,-0.011192302669280257
2023-08-22,reversal_5d,4,-0.011383608108799395
2023-08-22,reversal_5d,5,-0.0541064697795098
2023-09-19,reversal_5d,1,-0.03510168557278481
2023-09-19,reversal_5d,2,-0.06289993063748404
2023-09-19,reversal_5d,3,-0.04878974434369786
2023-09-19,reversal_5d,4,-0.05649960358559476
2023-09-19,reversal_5d,5,-0.07314880238058649
2023-10-25,reversal_5d,1,0.007241760311672518
2023-10-25,reversal_5d,2,0.01590788236750135
2023-10-25,reversal_5d,3,0.003957199801475325
2023-10-25,reversal_5d,4,0.03176319769345468
2023-10-25,reversal_5d,5,0.023002206495693633
2023-11-22,reversal_5d,1,-0.03819764811174777
2023-11-22,reversal_5d,2,-0.06248586828395258
2023-11-22,reversal_5d,3,-0.07186874615865853
2023-11-22,reversal_5d,4,-0.0817049235073306
2023-11-22,reversal_5d,5,-0.09903783564405363
2023-12-20,reversal_5d,1,0.035902274123709235
2023-12-20,reversal_5d,2,0.012011512084337001
2023-12-20,reversal_5d,3,-0.0011849112281688678
2023-12-20,reversal_5d,4,-0.0165990548542897
2023-12-20,reversal_5d,5,-0.06525714326570352
2024-01-18,reversal_5d,1,0.04768330657937101
2024-01-18,reversal_5d,2,0.07898308566988166
2024-01-18,reversal_5d,3,0.053451056197123696
2024-01-18,reversal_5d,4,0.05347555195682095
2024-01-18,reversal_5d,5,0.017811180432621546
2024-02-23,reversal_5d,1,0.056957712000474094
2024-02-23,reversal_5d,2,0.020772374025719208
2024-02-23,reversal_5d,3,0.004373838141300331
2024-02-23,reversal_5d,4,-0.0016898135919594438
2024-02-23,reversal_5d,5,0.02724352832574805
2024-03-22,reversal_5d,1,-0.040566679085423545
2024-03-22,reversal_5d,2,-0.010747474184776073
2024-03-22,reversal_5d,3,-0.0025507692612242285
2024-03-22,reversal_5d,4,-0.028461233255300585
2024-03-22,reversal_5d,5,-0.03923967012924819
2024-04-23,reversal_5d,1,0.03958249490228074
2024-04-23,reversal_5d,2,0.03921332562090229
2024-04-23,reversal_5d,3,0.029355887687936868
2024-04-23,reversal_5d,4,0.03806941361241518
2024-04-23,reversal_5d,5,0.0397933887691229
2024-05-24,reversal_5d,1,-0.02409442939643684
2024-05-24,reversal_5d,2,-0.015131409207713215
2024-05-24,reversal_5d,3,-0.03984744182237481
2024-05-24,reversal_5d,4,-0.04384865272972507
2024-05-24,reversal_5d,5,-0.05238471980537288
2024-06-24,reversal_5d,1,0.04219291339946215
2024-06-24,reversal_5d,2,0.01774738383527913
2024-06-24,reversal_5d,3,0.009711261902944895
2024-06-24,reversal_5d,4,0.012558084491691346
2024-06-24,reversal_5d,5,0.002060001730809743
2024-07-22,reversal_5d,1,-0.05730097406910242
2024-07-22,reversal_5d,2,-0.041358935144250375
2024-07-22,reversal_5d,3,-0.041995215153402175
2024-07-22,reversal_5d,4,-0.03854321106046743
2024-07-22,reversal_5d,5,-0.04239249880062343
2024-08-19,reversal_5d,1,-0.04618223121930556
2024-08-19,reversal_5d,2,-0.05904022374464917
2024-08-19,reversal_5d,3,-0.044914314153767385
2024-08-19,reversal_5d,4,-0.06350115202006903
2024-08-19,reversal_5d,5,-0.06628134409119582
2024-09-18,reversal_5d,1,0.21124724529948655
2024-09-18,reversal_5d,2,0.2582558772137143
2024-09-18,reversal_5d,3,0.30198835780119637
2024-09-18,reversal_5d,4,0.32273552485987267
2024-09-18,reversal_5d,5,0.3047704566278724
2024-10-23,reversal_5d,1,0.06708217523448713
2024-10-23,reversal_5d,2,0.020292715626149913
2024-10-23,reversal_5d,3,0.020994105027877533
2024-10-23,reversal_5d,4,-0.004432169218597069
2024-10-23,reversal_5d,5,-0.008192631617936035
2024-11-20,reversal_5d,1,0.012406861562619616
2024-11-20,reversal_5d,2,-0.016357718399766442
2024-11-20,reversal_5d,3,-0.031333318211825716
2024-11-20,reversal_5d,4,-0.03286469285144204
2024-11-20,reversal_5d,5,-0.020872058469426965
2024-12-18,reversal_5d,1,-0.013930085585674656
2024-12-18,reversal_5d,2,-0.03809790644599894
2024-12-18,reversal_5d,3,-0.052824617167028694
2024-12-18,reversal_5d,4,-0.039335988245634626
2024-12-18,reversal_5d,5,-0.0632497171030387
2025-01-16,reversal_5d,1,0.04384945926781762
2025-01-16,reversal_5d,2,0.06479544219451057
2025-01-16,reversal_5d,3,0.03876775056612418
2025-01-16,reversal_5d,4,0.026369426123522943
2025-01-16,reversal_5d,5,0.05480316953865058
2025-02-21,reversal_5d,1,-0.07748327849322854
2025-02-21,reversal_5d,2,-0.008942684587224586
2025-02-21,reversal_5d,3,-0.0073457561085446274
2025-02-21,reversal_5d,4,0.009799220276781902
2025-02-21,reversal_5d,5,0.025964999688008684
2025-03-21,reversal_5d,1,-0.027466012886597453
2025-03-21,reversal_5d,2,-0.01559094040898783
2025-03-21,reversal_5d,3,-0.02516254038730344
2025-03-21,reversal_5d,4,-0.05306209476255932
2025-03-21,reversal_5d,5,-0.06731685222588876
2025-04-21,reversal_5d,1,0.027722130307549504
2025-04-21,reversal_5d,2,0.029489688870054633
2025-04-21,reversal_5d,3,0.023538197095846654
2025-04-21,reversal_5d,4,0.01563246581864647
2025-04-21,reversal_5d,5,0.015723985801264356
2025-05-22,reversal_5d,1,-0.008093786281363464
2025-05-22,reversal_5d,2,0.0092274374415725
2025-05-22,reversal_5d,3,-0.0057577046812329466
2025-05-22,reversal_5d,4,-0.017544871867598153
2025-05-22,reversal_5d,5,-0.013392926734036824
2025-06-20,reversal_5d,1,0.07380935796534539
2025-06-20,reversal_5d,2,0.03903361496034358
2025-06-20,reversal_5d,3,0.06694189875799005
2025-06-20,reversal_5d,4,0.08156439972167476
2025-06-20,reversal_5d,5,0.08445325798030713
2025-07-18,reversal_5d,1,0.08188936846494847
2025-07-18,reversal_5d,2,0.0273299817213604
2025-07-18,reversal_5d,3,0.027665047352609776
2025-07-18,reversal_5d,4,0.022684526861898903
2025-07-18,reversal_5d,5,0.05534211614929827
2025-08-15,reversal_5d,1,0.1727265603883849
2025-08-15,reversal_5d,2,0.08581462163999615
2025-08-15,reversal_5d,3,0.05347377117370577
2025-08-15,reversal_5d,4,0.024318445225275993
2025-08-15,reversal_5d,5,0.014680860311839877
2025-09-12,reversal_5d,1,0.022377792007471912
2025-09-12,reversal_5d,2,0.006402640818850911
2025-09-12,reversal_5d,3,-0.007481670379534204
2025-09-12,reversal_5d,4,0.011599240033904541
2025-09-12,reversal_5d,5,-0.005059565123015297
2025-10-20,reversal_5d,1,0.03478495006078055
2025-10-20,reversal_5d,2,0.012562192522364509
2025-10-20,reversal_5d,3,0.034084787356056356
2025-10-20,reversal_5d,4,0.009064471532610948
2025-10-20,reversal_5d,5,-0.008184793866622986
2025-11-17,reversal_5d,1,-0.05076599135034614
2025-11-17,reversal_5d,2,-0.04195014852014804
2025-11-17,reversal_5d,3,-0.009427266987114895
2025-11-17,reversal_5d,4,-0.007101248852758768
2025-11-17,reversal_5d,5,-0.014867709744642885
2025-12-15,reversal_5d,1,0.07129443945530119
2025-12-15,reversal_5d,2,0.0436991585728743
2025-12-15,reversal_5d,3,0.026554451924728502
2025-12-15,reversal_5d,4,0.06125244392473562
2025-12-15,reversal_5d,5,0.12169819441231312
2026-01-14,reversal_5d,1,-0.012533239313106678
2026-01-14,reversal_5d,2,0.011919439532012098
2026-01-14,reversal_5d,3,-0.0003301104972698874
2026-01-14,reversal_5d,4,0.020104203379829624
2026-01-14,reversal_5d,5,0.004367585954673413
2026-02-11,reversal_5d,1,-0.008408656189628699
2026-02-11,reversal_5d,2,-0.020869962385276407
2026-02-11,reversal_5d,3,-0.02388073145687417
2026-02-11,reversal_5d,4,-0.0320301208000853
2026-02-11,reversal_5d,5,-0.06065923490751611
2026-03-19,reversal_5d,1,0.006561208564249382
2026-03-19,reversal_5d,2,-0.01013439966915395
2026-03-19,reversal_5d,3,-0.027920662722243392
2026-03-19,reversal_5d,4,-0.0022364067250985422
2026-03-19,reversal_5d,5,0.04998132552204063
2026-04-17,reversal_5d,1,0.06738055089483748
2026-04-17,reversal_5d,2,0.028349584573104415
2026-04-17,reversal_5d,3,-0.013733619443475346
2026-04-17,reversal_5d,4,-0.030350909375021926
2026-04-17,reversal_5d,5,0.0019326852209937573
2026-05-20,reversal_5d,1,0.028133938175081436
2026-05-20,reversal_5d,2,-0.029550762936609395
2026-05-20,reversal_5d,3,-0.02619821795633492
2026-05-20,reversal_5d,4,-0.054233408972752147
2026-05-20,reversal_5d,5,-0.048189178081951355
2021-03-05,volatility_20d,1,-0.0029199389004173717
2021-03-05,volatility_20d,2,-0.023579965075242945
2021-03-05,volatility_20d,3,-0.027793853612538267
2021-03-05,volatility_20d,4,-0.02992737747461482
2021-03-05,volatility_20d,5,-0.022634575781008723
2021-04-02,volatility_20d,1,-0.021369976340428233
2021-04-02,volatility_20d,2,-0.0488400286737408
2021-04-02,volatility_20d,3,-0.02073623465435554
2021-04-02,volatility_20d,4,0.0039052343222515883
2021-04-02,volatility_20d,5,0.009121310176226225
2021-05-06,volatility_20d,1,0.009363017038288934
2021-05-06,volatility_20d,2,0.030694551029988314
2021-05-06,volatility_20d,3,0.03480345900632509
2021-05-06,volatility_20d,4,0.04889432005198428
2021-05-06,volatility_20d,5,0.04800907213515622
2021-06-03,volatility_20d,1,-0.0028340233128413194
2021-06-03,volatility_20d,2,0.0010840390064331188
2021-06-03,volatility_20d,3,-0.01758899228909258
2021-06-03,volatility_20d,4,-0.003887612301629678
2021-06-03,volatility_20d,5,0.006477473798145373
2021-07-02,volatility_20d,1,-0.03782801048945566
2021-07-02,volatility_20d,2,-0.05560664234133243
2021-07-02,volatility_20d,3,-0.057233321865830016
2021-07-02,volatility_20d,4,-0.016020119391013395
2021-07-02,volatility_20d,5,0.03312707302975661
2021-07-30,volatility_20d,1,0.05837357755484444
2021-07-30,volatility_20d,2,0.05605799681216303
2021-07-30,volatility_20d,3,-0.0051560181386931265
2021-07-30,volatility_20d,4,-0.02264557452584889
2021-07-30,volatility_20d,5,0.017898330039969865
2021-08-27,volatility_20d,1,0.07668427380980083
2021-08-27,volatility_20d,2,0.045529714773538586
2021-08-27,volatility_20d,3,0.01735072860593192
2021-08-27,volatility_20d,4,0.01661288366579561
2021-08-27,volatility_20d,5,-0.022557507468325553
2021-09-28,volatility_20d,1,-0.0221288906032688
2021-09-28,volatility_20d,2,0.005054525055989554
2021-09-28,volatility_20d,3,-0.006294176553240159
2021-09-28,volatility_20d,4,-0.018029627605262565
2021-09-28,volatility_20d,5,-0.06529508328281726
2021-11-02,volatility_20d,1,-0.0037316133571810147
2021-11-02,volatility_20d,2,0.007187344398524536
2021-11-02,volatility_20d,3,0.02197765381398915
2021-11-02,volatility_20d,4,-0.004458816546214581
2021-11-02,volatility_20d,5,0.019489048109714545
2021-11-30,volatility_20d,1,0.03630076768356515
2021-11-30,volatility_20d,2,0.04199022013735246
2021-11-30,volatility_20d,3,0.06930689784175086
2021-11-30,volatility_20d,4,0.023927356108642484
2021-11-30,volatility_20d,5,0.006746480891212595
2021-12-28,volatility_20d,1,0.03273468829943062
2021-12-28,volatility_20d,2,-0.037406803877390045
2021-12-28,volatility_20d,3,-0.03509320614213164
2021-12-28,volatility_20d,4,-0.042055828764535556
2021-12-28,volatility_20d,5,-0.0278158058885232
2022-01-26,volatility_20d,1,-0.01606840092526411
2022-01-26,volatility_20d,2,-0.021426551191765238
2022-01-26,volatility_20d,3,-0.025204967419084786
2022-01-26,volatility_20d,4,-0.011035532271246802
2022-01-26,volatility_20d,5,-0.029464000762234845
2022-03-02,volatility_20d,1,-0.047115101789624005
2022-03-02,volatility_20d,2,-0.07708726463261242
2022-03-02,volatility_20d,3,-0.07892308705147677
2022-03-02,volatility_20d,4,-0.09104014156520744
2022-03-02,volatility_20d,5,-0.07630249181580905
2022-03-30,volatility_20d,1,-0.057262757811987454
2022-03-30,volatility_20d,2,-0.07005846887489821
2022-03-30,volatility_20d,3,-0.06947899470328826
2022-03-30,volatility_20d,4,-0.05235521828087732
2022-03-30,volatility_20d,5,-0.08435703952555018
2022-04-29,volatility_20d,1,0.006792808191649639
2022-04-29,volatility_20d,2,0.03179770714906234
2022-04-29,volatility_20d,3,0.02859010360848592
2022-04-29,volatility_20d,4,0.04239349957753036
2022-04-29,volatility_20d,5,0.0858835040631152
2022-06-01,volatility_20d,1,0.0640156515319545
2022-06-01,volatility_20d,2,0.07725966732372962
2022-06-01,volatility_20d,3,0.09665828938955175
2022-06-01,volatility_20d,4,0.10712482172771236
2022-06-01,volatility_20d,5,0.13892469272921296
2022-06-30,volatility_20d,1,-0.024405868285672525
2022-06-30,volatility_20d,2,-0.050071860540743134
2022-06-30,volatility_20d,3,-0.06147171321151507
2022-06-30,volatility_20d,4,-0.0438182618115475
2022-06-30,volatility_20d,5,-0.04917903011428624
2022-07-28,volatility_20d,1,-0.009786111233168944
2022-07-28,volatility_20d,2,-0.015276679174663023
2022-07-28,volatility_20d,3,-0.02192802501201451
2022-07-28,volatility_20d,4,-0.033070282754820254
2022-07-28,volatility_20d,5,-0.032343487636113034
2022-08-25,volatility_20d,1,-0.014726280249383609
2022-08-25,volatility_20d,2,-0.04476856605790687
2022-08-25,volatility_20d,3,-0.07218811778720373
2022-08-25,volatility_20d,4,-0.08364795876570695
2022-08-25,volatility_20d,5,-0.09461478083433304
2022-09-23,volatility_20d,1,-0.04168072252583851
2022-09-23,volatility_20d,2,-0.05551316166537654
2022-09-23,volatility_20d,3,-0.05677312584091007
2022-09-23,volatility_20d,4,-0.02884787677420008
2022-09-23,volatility_20d,5,-0.05800278342271915
2022-10-28,volatility_20d,1,0.07817961960384422
2022-10-28,volatility_20d,2,0.09145151616382224
2022-10-28,volatility_20d,3,0.08700708511400965
2022-10-28,volatility_20d,4,0.05532059040339242
2022-10-28,volatility_20d,5,0.03082270922965736
2022-11-25,volatility_20d,1,-0.020055491855929475
2022-11-25,volatility_20d,2,-0.024393374763788438
2022-11-25,volatility_20d,3,0.002393145434203194
2022-11-25,volatility_20d,4,0.009375567528101203
2022-11-25,volatility_20d,5,0.004061515455666811
2022-12-23,volatility_20d,1,0.08258623836964239
2022-12-23,volatility_20d,2,0.09511054829127705
2022-12-23,volatility_20d,3,0.12684717136993748
2022-12-23,volatility_20d,4,0.11972703722061465
2022-12-23,volatility_20d,5,0.09680995927330892
2023-01-30,volatility_20d,1,0.005037639003123153
2023-01-30,volatility_20d,2,0.03923526302466127
2023-01-30,volatility_20d,3,-0.022609426299955958
2023-01-30,volatility_20d,4,-0.040318575602647524
2023-01-30,volatility_20d,5,-0.04882396450032726
2023-02-27,volatility_20d,1,0.0030782569096918567
2023-02-27,volatility_20d,2,-0.02084048051446977
2023-02-27,volatility_20d,3,0.0047625152874913625
2023-02-27,volatility_20d,4,-0.02230856644956175
2023-02-27,volatility_20d,5,0.060095290612892635
2023-03-27,volatility_20d,1,-0.0010932357577138415
2023-03-27,volatility_20d,2,-0.03459820403410172
2023-03-27,volatility_20d,3,-0.030999841197594507
2023-03-27,volatility_20d,4,-0.023426566447700536
2023-03-27,volatility_20d,5,-0.0006354785646915255
2023-04-25,volatility_20d,1,0.00017316303934449088
2023-04-25,volatility_20d,2,0.0009495111330734348
2023-04-25,volatility_20d,3,-0.02884654929294717
2023-04-25,volatility_20d,4,-0.03372615768141343
2023-04-25,volatility_20d,5,-0.06196893143710233
2023-05-26,volatility_20d,1,-0.0036856131023409416
2023-05-26,volatility_20d,2,-0.015426889636838045
2023-05-26,volatility_20d,3,-0.011686772581318181
2023-05-26,volatility_20d,4,0.012006234625891676
2023-05-26,volatility_20d,5,0.049094205869970466
2023-06-27,volatility_20d,1,0.048769817416937186
2023-06-27,volatility_20d,2,0.04300039066046844
2023-06-27,volatility_20d,3,0.04784628191484899
2023-06-27,volatility_20d,4,0.024299546581072397
2023-06-27,volatility_20d,5,-0.02250000543032748
2023-07-25,volatility_20d,1,-0.006672386795932528
2023-07-25,volatility_20d,2,-0.03199183003973066
2023-07-25,volatility_20d,3,-0.051676531418362044
2023-07-25,volatility_20d,4,-0.04889985805891273
2023-07-25,volatility_20d,5,-0.06391220050630099
2023-08-22,volatility_20d,1,0.0036487085240227424
2023-08-22,volatility_20d,2,0.0024870062504939875
2023-08-22,volatility_20d,3,-0.006247432993426168
2023-08-22,volatility_20d,4,-0.026266243589057475
2023-08-22,volatility_20d,5,-0.05442699457722678
2023-09-19,volatility_20d,1,-0.04549823970760641
2023-09-19,volatility_20d,2,-0.04305621488112032
2023-09-19,volatility_20d,3,-0.06373881348245675
2023-09-19,volatility_20d,4,-0.054241844890441246
2023-09-19,volatility_20d,5,-0.06990465355852327
2023-10-25,volatility_20d,1,0.013519623984753785
2023-10-25,volatility_20d,2,0.003907439790069154
2023-10-25,volatility_20d,3,0.011281907598003394
2023-10-25,volatility_20d,4,0.02416876149048795
2023-10-25,volatility_20d,5,0.028994513806483237
2023-11-22,volatility_20d,1,-0.04613880144050515
2023-11-22,volatility_20d,2,-0.06836378258751938
2023-11-22,volatility_20d,3,-0.06850898539792746
2023-11-22,volatility_20d,4,-0.08933661071487546
2023-11-22,volatility_20d,5,-0.08094684156491566
2023-12-20,volatility_20d,1,0.018262510023882437
2023-12-20,volatility_20d,2,0.006133171811406134
2023-12-20,volatility_20d,3,-0.002816801848509113
2023-12-20,volatility_20d,4,-0.0018154381091999626
2023-12-20,volatility_20d,5,-0.054581295472084346
2024-01-18,volatility_20d,1,0.09331294305747594
2024-01-18,volatility_20d,2,0.10459780214184063
2024-01-18,volatility_20d,3,0.05953414052281822
2024-01-18,volatility_20d,4,0.026695096751765915
2024-01-18,volatility_20d,5,-0.03742087975456232
2024-02-23,volatility_20d,1,-0.009084195605280074
2024-02-23,volatility_20d,2,0.006235640500096405
2024-02-23,volatility_20d,3,0.016591228101018363
2024-02-23,volatility_20d,4,0.02979676725877332
2024-02-23,volatility_20d,5,0.06411819864667423
2024-03-22,volatility_20d,1,0.02485829925382511
2024-03-22,volatility_20d,2,0.014088152428795997
2024-03-22,volatility_20d,3,-0.006708031260070732
2024-03-22,volatility_20d,4,-0.0564010074869736
2024-03-22,volatility_20d,5,-0.09747252655153017
2024-04-23,volatility_20d,1,0.029105110345766426
2024-04-23,volatility_20d,2,0.033684931953855496
2024-04-23,volatility_20d,3,0.05996347704646176
2024-04-23,volatility_20d,4,0.03427893303744313
2024-04-23,volatility_20d,5,0.02898205820913118
2024-05-24,volatility_20d,1,-0.01603513474495401
2024-05-24,volatility_20d,2,-0.027650271100272083
2024-05-24,volatility_20d,3,-0.040164223421618316
2024-05-24,volatility_20d,4,-0.02710534953256168
2024-05-24,volatility_20d,5,-0.06435167416221674
2024-06-24,volatility_20d,1,0.0339314138269889
2024-06-24,volatility_20d,2,0.008552234846064651
2024-06-24,volatility_20d,3,0.00578695614092757
2024-06-24,volatility_20d,4,0.016543690272799515
2024-06-24,volatility_20d,5,0.019365530562922027
2024-07-22,volatility_20d,1,0.002500296781936094
2024-07-22,volatility_20d,2,-0.03470226433182303
2024-07-22,volatility_20d,3,-0.05371278368972292
2024-07-22,volatility_20d,4,-0.05995945544739484
2024-07-22,volatility_20d,5,-0.07957124649605375
2024-08-19,volatility_20d,1,-0.06681039081264932
2024-08-19,volatility_20d,2,-0.05153287259337388
2024-08-19,volatility_20d,3,-0.03205626272823667
2024-08-19,volatility_20d,4,-0.05383188714108278
2024-08-19,volatility_20d,5,-0.07568785195364433
2024-09-18,volatility_20d,1,0.21545721214882788
2024-09-18,volatility_20d,2,0.22544880356937325
2024-09-18,volatility_20d,3,0.30665666639779166
2024-09-18,volatility_20d,4,0.26543345391091266
2024-09-18,volatility_20d,5,0.385929970404909
2024-10-23,volatility_20d,1,-0.016727207708402657
2024-10-23,volatility_20d,2,0.011267197343638248
2024-10-23,volatility_20d,3,0.018628027679481022
2024-10-23,volatility_20d,4,0.04906227048045391
2024-10-23,volatility_20d,5,0.03351390725681095
2024-11-20,volatility_20d,1,0.01373967738156177
2024-11-20,volatility_20d,2,-0.014855943517724022
2024-11-20,volatility_20d,3,-0.014159257949857574
2024-11-20,volatility_20d,4,-0.03032555440696336
2024-11-20,volatility_20d,5,-0.04341984787685836
2024-12-18,volatility_20d,1,-0.02019982770658319
2024-12-18,volatility_20d,2,-0.03896477288457882
2024-12-18,volatility_20d,3,-0.05716366356810655
2024-12-18,volatility_20d,4,-0.04943958759199144
2024-12-18,volatility_20d,5,-0.04174658641718716
2025-01-16,volatility_20d,1,0.015743226860670166
2025-01-16,volatility_20d,2,-0.005854813183153538
2025-01-16,volatility_20d,3,0.03352351265166113
2025-01-16,volatility_20d,4,0.059414685552091215
2025-01-16,volatility_20d,5,0.13571494575750112
2025-02-21,volatility_20d,1,0.003980952650908541
2025-02-21,volatility_20d,2,0.006516941621758489
2025-02-21,volatility_20d,3,0.023562092263356888
2025-02-21,volatility_20d,4,0.0060098140580116645
2025-02-21,volatility_20d,5,-0.09756216901204438
2025-03-21,volatility_20d,1,0.004514272257844872
2025-03-21,volatility_20d,2,-0.03582277064649455
2025-03-21,volatility_20d,3,-0.03169915473146878
2025-03-21,volatility_20d,4,-0.04871564463385159
2025-03-21,volatility_20d,5,-0.07724884282491615
2025-04-21,volatility_20d,1,0.029340357600463336
2025-04-21,volatility_20d,2,0.012880269749486107
2025-04-21,volatility_20d,3,0.016997566413633463
2025-04-21,volatility_20d,4,0.02231581233829431
2025-04-21,volatility_20d,5,0.029954857516156216
2025-05-22,volatility_20d,1,-0.009134043069606574
2025-05-22,volatility_20d,2,-0.010512139028709804
2025-05-22,volatility_20d,3,-0.011503214500049621
2025-05-22,volatility_20d,4,-0.025694926635559796
2025-05-22,volatility_20d,5,0.021282471111266906
2025-06-20,volatility_20d,1,0.034484424418678404
2025-06-20,volatility_20d,2,0.055592797764719634
2025-06-20,volatility_20d,3,0.05212956626225937
2025-06-20,volatility_20d,4,0.08244520747219024
2025-06-20,volatility_20d,5,0.12144612652806568
2025-07-18,volatility_20d,1,0.01345019085735768
2025-07-18,volatility_20d,2,0.03979913205384506
2025-07-18,volatility_20d,3,0.02595833563999644
2025-07-18,volatility_20d,4,0.04394486476831148
2025-07-18,volatility_20d,5,0.09560300621224126
2025-08-15,volatility_20d,1,0.014554219271675179
2025-08-15,volatility_20d,2,0.02577081550424624
2025-08-15,volatility_20d,3,0.07481990463348313
2025-08-15,volatility_20d,4,0.1097450717281377
2025-08-15,volatility_20d,5,0.12690306349877525
2025-09-12,volatility_20d,1,0.0019041292911140706
2025-09-12,volatility_20d,2,0.006542771652842818
2025-09-12,volatility_20d,3,-0.00680055621736141
2025-09-12,volatility_20d,4,0.00972429317298813
2025-09-12,volatility_20d,5,0.016479151360797136
2025-10-20,volatility_20d,1,0.0162668377919592
2025-10-20,volatility_20d,2,0.012935903087128196
2025-10-20,volatility_20d,3,0.029836726875678038
2025-10-20,volatility_20d,4,0.00885928921662359
2025-10-20,volatility_20d,5,0.014562854055131337
2025-11-17,volatility_20d,1,-0.029268016857450268
2025-11-17,volatility_20d,2,-0.024798388974727244
2025-11-17,volatility_20d,3,-0.02153241290455077
2025-11-17,volatility_20d,4,-0.02491503661075143
2025-11-17,volatility_20d,5,-0.023598510107531046
2025-12-15,volatility_20d,1,-0.009195027074222394
2025-12-15,volatility_20d,2,0.027915413594266438
2025-12-15,volatility_20d,3,0.051802708256536996
2025-12-15,volatility_20d,4,0.12444656947876606
2025-12-15,volatility_20d,5,0.13078175915369583
2026-01-14,volatility_20d,1,-0.0014315796230849746
2026-01-14,volatility_20d,2,-0.010610385826987164
2026-01-14,volatility_20d,3,0.017672212276109406
2026-01-14,volatility_20d,4,0.017265973194067117
2026-01-14,volatility_20d,5,-0.0009453752532501979
2026-02-11,volatility_20d,1,-0.00022784013010957265
2026-02-11,volatility_20d,2,-0.003657772806096199
2026-02-11,volatility_20d,3,-0.062011529088182214
2026-02-11,volatility_20d,4,-0.027643205407760187
2026-02-11,volatility_20d,5,-0.05294387160108765
2026-03-19,volatility_20d,1,-0.024625528500623304
2026-03-19,volatility_20d,2,-0.037003447578485574
2026-03-19,volatility_20d,3,-0.00948994064898341
2026-03-19,volatility_20d,4,0.02657635758221404
2026-03-19,volatility_20d,5,0.06079362411567238
2026-04-17,volatility_20d,1,-0.02887376818469296
2026-04-17,volatility_20d,2,-0.03308403018046878
2026-04-17,volatility_20d,3,0.011265738729138509
2026-04-17,volatility_20d,4,0.02051763526504041
2026-04-17,volatility_20d,5,0.08375271624142117
2026-05-20,volatility_20d,1,-0.02940951778533011
2026-05-20,volatility_20d,2,-0.034630778203312146
2026-05-20,volatility_20d,3,-0.05879193238235524
2026-05-20,volatility_20d,4,-0.046159731519330185
2026-05-20,volatility_20d,5,0.038954330117761296
2021-03-05,turnover_proxy_20d,1,-0.008832819432129555
2021-03-05,turnover_proxy_20d,2,-0.020356594508896556
2021-03-05,turnover_proxy_20d,3,-0.014033392282689714
2021-03-05,turnover_proxy_20d,4,-0.033071631571304015
2021-03-05,turnover_proxy_20d,5,-0.03033061341881053
2021-04-02,turnover_proxy_20d,1,-0.02442833632576058
2021-04-02,turnover_proxy_20d,2,-0.034887167477298836
2021-04-02,turnover_proxy_20d,3,-0.04136766467467048
2021-04-02,turnover_proxy_20d,4,-0.0008559036419054866
2021-04-02,turnover_proxy_20d,5,0.02361937694958861
2021-05-06,turnover_proxy_20d,1,0.025458880726523647
2021-05-06,turnover_proxy_20d,2,0.018729555123560226
2021-05-06,turnover_proxy_20d,3,0.04021702402174658
2021-05-06,turnover_proxy_20d,4,0.032881525165461264
2021-05-06,turnover_proxy_20d,5,0.05447743422445113
2021-06-03,turnover_proxy_20d,1,0.02113677105143005
2021-06-03,turnover_proxy_20d,2,0.013864984395771884
2021-06-03,turnover_proxy_20d,3,-0.04319050932685426
2021-06-03,turnover_proxy_20d,4,0.0026559469553724935
2021-06-03,turnover_proxy_20d,5,-0.011216308174705236
2021-07-02,turnover_proxy_20d,1,-0.05935271612958217
2021-07-02,turnover_proxy_20d,2,-0.06768221154051378
2021-07-02,turnover_proxy_20d,3,-0.020066830075383582
2021-07-02,turnover_proxy_20d,4,-0.016651719464368882
2021-07-02,turnover_proxy_20d,5,0.030868210548163456
2021-07-30,turnover_proxy_20d,1,0.053423433143693425
2021-07-30,turnover_proxy_20d,2,0.0364984901963539
2021-07-30,turnover_proxy_20d,3,0.0012997379093566195
2021-07-30,turnover_proxy_20d,4,0.020714307183633138
2021-07-30,turnover_proxy_20d,5,-0.007300060756467623
2021-08-27,turnover_proxy_20d,1,0.08030158265572067
2021-08-27,turnover_proxy_20d,2,0.04399998227043557
2021-08-27,turnover_proxy_20d,3,0.029472207365329732
2021-08-27,turnover_proxy_20d,4,0.013918864408168792
2021-08-27,turnover_proxy_20d,5,-0.034072543312913366
2021-09-28,turnover_proxy_20d,1,-0.015034388403467762
2021-09-28,turnover_proxy_20d,2,-0.019930733876496555
2021-09-28,turnover_proxy_20d,3,-0.0037258700606018582
2021-09-28,turnover_proxy_20d,4,-0.042201873146982906
2021-09-28,turnover_proxy_20d,5,-0.02575758239283952
2021-11-02,turnover_proxy_20d,1,-0.00017534414471629957
2021-11-02,turnover_proxy_20d,2,0.016383668560850252
2021-11-02,turnover_proxy_20d,3,0.025216961170296773
2021-11-02,turnover_proxy_20d,4,-0.007986881346259439
2021-11-02,turnover_proxy_20d,5,0.007025212178661342
2021-11-30,turnover_proxy_20d,1,0.05045698541886541
2021-11-30,turnover_proxy_20d,2,0.031216696242904976
2021-11-30,turnover_proxy_20d,3,0.05350386895367527
2021-11-30,turnover_proxy_20d,4,0.03899530191734461
2021-11-30,turnover_proxy_20d,5,0.003907060013502929
2021-12-28,turnover_proxy_20d,1,0.023069533228529535
2021-12-28,turnover_proxy_20d,2,-0.0371403452462346
2021-12-28,turnover_proxy_20d,3,0.002101305773292114
2021-12-28,turnover_proxy_20d,4,-0.04877849564234677
2021-12-28,turnover_proxy_20d,5,-0.04822476677361468
2022-01-26,turnover_proxy_20d,1,-0.027489691525382685
2022-01-26,turnover_proxy_20d,2,-0.025618432453938973
2022-01-26,turnover_proxy_20d,3,-0.0249775238032269
2022-01-26,turnover_proxy_20d,4,-0.0031635924155279794
2022-01-26,turnover_proxy_20d,5,-0.021738706990035564
2022-03-02,turnover_proxy_20d,1,-0.06660032887359689
2022-03-02,turnover_proxy_20d,2,-0.08649299836887238
2022-03-02,turnover_proxy_20d,3,-0.07406036235554832
2022-03-02,turnover_proxy_20d,4,-0.06803613992903884
2022-03-02,turnover_proxy_20d,5,-0.07527825732767328
2022-03-30,turnover_proxy_20d,1,-0.06414003451670582
2022-03-30,turnover_proxy_20d,2,-0.05543563980406268
2022-03-30,turnover_proxy_20d,3,-0.061095743591592006
2022-03-30,turnover_proxy_20d,4,-0.07600568102798395
2022-03-30,turnover_proxy_20d,5,-0.07683538025625698
2022-04-29,turnover_proxy_20d,1,0.05593362080978569
2022-04-29,turnover_proxy_20d,2,0.049024175411658925
2022-04-29,turnover_proxy_20d,3,0.04069592797622185
2022-04-29,turnover_proxy_20d,4,0.016796148899457176
2022-04-29,turnover_proxy_20d,5,0.0330077494927198
2022-06-01,turnover_proxy_20d,1,0.08770875478470053
2022-06-01,turnover_proxy_20d,2,0.07623833508401995
2022-06-01,turnover_proxy_20d,3,0.09753199505607968
2022-06-01,turnover_proxy_20d,4,0.08357196108404669
2022-06-01,turnover_proxy_20d,5,0.13894796225088757
2022-06-30,turnover_proxy_20d,1,-0.03179397298349186
2022-06-30,turnover_proxy_20d,2,-0.07198776176445397
2022-06-30,turnover_proxy_20d,3,-0.031498698562856274
2022-06-30,turnover_proxy_20d,4,-0.041771681634323196
2022-06-30,turnover_proxy_20d,5,-0.05225587940130251
2022-07-28,turnover_proxy_20d,1,-0.019719864174125
2022-07-28,turnover_proxy_20d,2,-0.025330944526461598
2022-07-28,turnover_proxy_20d,3,-0.025324173340041542
2022-07-28,turnover_proxy_20d,4,-0.004666914286908181
2022-07-28,turnover_proxy_20d,5,-0.03736268948324344
2022-08-25,turnover_proxy_20d,1,-0.03423711551201479
2022-08-25,turnover_proxy_20d,2,-0.04221366848446378
2022-08-25,turnover_proxy_20d,3,-0.06181887554971314
2022-08-25,turnover_proxy_20d,4,-0.07936772416069532
2022-08-25,turnover_proxy_20d,5,-0.09230831998764717
2022-09-23,turnover_proxy_20d,1,-0.028658955125087784
2022-09-23,turnover_proxy_20d,2,-0.032588164039153766
2022-09-23,turnover_proxy_20d,3,-0.027386258070356613
2022-09-23,turnover_proxy_20d,4,-0.056195853230018085
2022-09-23,turnover_proxy_20d,5,-0.09598843976442809
2022-10-28,turnover_proxy_20d,1,0.082681037811146
2022-10-28,turnover_proxy_20d,2,0.07297441474862289
2022-10-28,turnover_proxy_20d,3,0.09324294208779427
2022-10-28,turnover_proxy_20d,4,0.05074978550613376
2022-10-28,turnover_proxy_20d,5,0.04313334036102899
2022-11-25,turnover_proxy_20d,1,-0.01457488459438948
2022-11-25,turnover_proxy_20d,2,-0.002387275170315221
2022-11-25,turnover_proxy_20d,3,0.0037801564048968598
2022-11-25,turnover_proxy_20d,4,-0.022601497372747536
2022-11-25,turnover_proxy_20d,5,0.007164862530808674
2022-12-23,turnover_proxy_20d,1,0.12635755891292288
2022-12-23,turnover_proxy_20d,2,0.10207615958172438
2022-12-23,turnover_proxy_20d,3,0.10510199582507428
2022-12-23,turnover_proxy_20d,4,0.08751810154705703
2022-12-23,turnover_proxy_20d,5,0.10002713865800189
2023-01-30,turnover_proxy_20d,1,0.025267797799157915
2023-01-30,turnover_proxy_20d,2,0.007890420843151384
2023-01-30,turnover_proxy_20d,3,-0.02186229767050345
2023-01-30,turnover_proxy_20d,4,-0.014928796335062229
2023-01-30,turnover_proxy_20d,5,-0.06393598098231185
2023-02-27,turnover_proxy_20d,1,0.00988070965054284
2023-02-27,turnover_proxy_20d,2,-9.596615573279436e-05
2023-02-27,turnover_proxy_20d,3,-0.0136421301477501
2023-02-27,turnover_proxy_20d,4,0.008940826053040304
2023-02-27,turnover_proxy_20d,5,0.019703576445944084
2023-03-27,turnover_proxy_20d,1,-0.01331360977584169
2023-03-27,turnover_proxy_20d,2,-0.04201996992763898
2023-03-27,turnover_proxy_20d,3,-0.042912964587452904
2023-03-27,turnover_proxy_20d,4,-0.022044386245436306
2023-03-27,turnover_proxy_20d,5,0.02953760453456774
2023-04-25,turnover_proxy_20d,1,-0.011256303452144763
2023-04-25,turnover_proxy_20d,2,-0.00642949858777692
2023-04-25,turnover_proxy_20d,3,-0.016314347043046594
2023-04-25,turnover_proxy_20d,4,-0.03351239722288524
2023-04-25,turnover_proxy_20d,5,-0.05590641793319149
2023-05-26,turnover_proxy_20d,1,0.007424449303327981
2023-05-26,turnover_proxy_20d,2,-0.00524375775149905
2023-05-26,turnover_proxy_20d,3,-0.007821078564150761
2023-05-26,turnover_proxy_20d,4,-0.003451627651107993
2023-05-26,turnover_proxy_20d,5,0.03939317983879479
2023-06-27,turnover_proxy_20d,1,0.046176561305394624
2023-06-27,turnover_proxy_20d,2,0.048134941992356566
2023-06-27,turnover_proxy_20d,3,0.03397014149567072
2023-06-27,turnover_proxy_20d,4,0.015334738616275132
2023-06-27,turnover_proxy_20d,5,-0.0022652718706450805
2023-07-25,turnover_proxy_20d,1,-0.012836769916251742
2023-07-25,turnover_proxy_20d,2,-0.0456750798016641
2023-07-25,turnover_proxy_20d,3,-0.03976857033771913
2023-07-25,turnover_proxy_20d,4,-0.039499228824561174
2023-07-25,turnover_proxy_20d,5,-0.06544574472764589
2023-08-22,turnover_proxy_20d,1,-0.00924176087399106
2023-08-22,turnover_proxy_20d,2,-0.0028156435989939886
2023-08-22,turnover_proxy_20d,3,-0.015821068303531978
2023-08-22,turnover_proxy_20d,4,-0.018205125895775755
2023-08-22,turnover_proxy_20d,5,-0.03472135771290092
2023-09-19,turnover_proxy_20d,1,-0.055807621485511216
2023-09-19,turnover_proxy_20d,2,-0.05897178154203041
2023-09-19,turnover_proxy_20d,3,-0.05022517012833028
2023-09-19,turnover_proxy_20d,4,-0.055113430231953676
2023-09-19,turnover_proxy_20d,5,-0.05632176313232239
2023-10-25,turnover_proxy_20d,1,0.009153666587763336
2023-10-25,turnover_proxy_20d,2,0.02417946149549077
2023-10-25,turnover_proxy_20d,3,0.013558026146729452
2023-10-25,turnover_proxy_20d,4,0.011127811228167507
2023-10-25,turnover_proxy_20d,5,0.023853281211646447
2023-11-22,turnover_proxy_20d,1,-0.07181684395776268
2023-11-22,turnover_proxy_20d,2,-0.06734696603303061
2023-11-22,turnover_proxy_20d,3,-0.0660904924336242
2023-11-22,turnover_proxy_20d,4,-0.0790848100794889
2023-11-22,turnover_proxy_20d,5,-0.06895590920183675
2023-12-20,turnover_proxy_20d,1,0.0035427692626760314
2023-12-20,turnover_proxy_20d,2,-0.003152511106880492
2023-12-20,turnover_proxy_20d,3,0.010964818521527357
2023-12-20,turnover_proxy_20d,4,-0.013192124918848018
2023-12-20,turnover_proxy_20d,5,-0.03272256428699365
2024-01-18,turnover_proxy_20d,1,0.04245775933991786
2024-01-18,turnover_proxy_20d,2,0.0684407350436795
2024-01-18,turnover_proxy_20d,3,0.04821413639898119
2024-01-18,turnover_proxy_20d,4,0.055488013439371105
2024-01-18,turnover_proxy_20d,5,0.03199149038686191
2024-02-23,turnover_proxy_20d,1,0.016069926469635742
2024-02-23,turnover_proxy_20d,2,0.022653873741324
2024-02-23,turnover_proxy_20d,3,0.004559225967547137
2024-02-23,turnover_proxy_20d,4,0.032296870671484346
2024-02-23,turnover_proxy_20d,5,0.032077742051291026
2024-03-22,turnover_proxy_20d,1,0.0006780705472209177
2024-03-22,turnover_proxy_20d,2,-0.005024736157783424
2024-03-22,turnover_proxy_20d,3,-0.01856402313049052
2024-03-22,turnover_proxy_20d,4,-0.04124926264204339
2024-03-22,turnover_proxy_20d,5,-0.05767276209736399
2024-04-23,turnover_proxy_20d,1,0.05818066068182313
2024-04-23,turnover_proxy_20d,2,0.043741109062930036
2024-04-23,turnover_proxy_20d,3,0.019780354130951326
2024-04-23,turnover_proxy_20d,4,0.03402862650249012
2024-04-23,turnover_proxy_20d,5,0.030283760214463384
2024-05-24,turnover_proxy_20d,1,-0.04599834305000486
2024-05-24,turnover_proxy_20d,2,-0.0511463074474522
2024-05-24,turnover_proxy_20d,3,-0.0389946698214729
2024-05-24,turnover_proxy_20d,4,-0.023350012796912574
2024-05-24,turnover_proxy_20d,5,-0.015817319845780286
2024-06-24,turnover_proxy_20d,1,0.011811911029797919
2024-06-24,turnover_proxy_20d,2,0.007171966411316375
2024-06-24,turnover_proxy_20d,3,0.013092883218229621
2024-06-24,turnover_proxy_20d,4,0.016200986983869795
2024-06-24,turnover_proxy_20d,5,0.035872371597460026
2024-07-22,turnover_proxy_20d,1,-0.027524600214248497
2024-07-22,turnover_proxy_20d,2,-0.039713527797965754
2024-07-22,turnover_proxy_20d,3,-0.05185153971443109
2024-07-22,turnover_proxy_20d,4,-0.040413018585763544
2024-07-22,turnover_proxy_20d,5,-0.06594276687064955
2024-08-19,turnover_proxy_20d,1,-0.030578991256281444
2024-08-19,turnover_proxy_20d,2,-0.07322984097903201
2024-08-19,turnover_proxy_20d,3,-0.05960654677065673
2024-08-19,turnover_proxy_20d,4,-0.058151923426677764
2024-08-19,turnover_proxy_20d,5,-0.05835196279633905
2024-09-18,turnover_proxy_20d,1,0.2665377403735979
2024-09-18,turnover_proxy_20d,2,0.24754302392892455
2024-09-18,turnover_proxy_20d,3,0.3070899150325972
2024-09-18,turnover_proxy_20d,4,0.28224421715578346
2024-09-18,turnover_proxy_20d,5,0.2946454382760847
2024-10-23,turnover_proxy_20d,1,0.029858395041878504
2024-10-23,turnover_proxy_20d,2,0.024778490385464185
2024-10-23,turnover_proxy_20d,3,0.019555954040990774
2024-10-23,turnover_proxy_20d,4,0.0013334974664393762
2024-10-23,turnover_proxy_20d,5,0.020217858117208626
2024-11-20,turnover_proxy_20d,1,0.0018735655292690648
2024-11-20,turnover_proxy_20d,2,-0.027323305717281716
2024-11-20,turnover_proxy_20d,3,-0.013224256903202641
2024-11-20,turnover_proxy_20d,4,-0.020012798820091087
2024-11-20,turnover_proxy_20d,5,-0.03033413045853516
2024-12-18,turnover_proxy_20d,1,-0.04762989866928839
2024-12-18,turnover_proxy_20d,2,-0.035484632356025975
2024-12-18,turnover_proxy_20d,3,-0.05234632112772258
2024-12-18,turnover_proxy_20d,4,-0.046825236569883646
2024-12-18,turnover_proxy_20d,5,-0.02514383466587072
2025-01-16,turnover_proxy_20d,1,0.007939376118361503
2025-01-16,turnover_proxy_20d,2,0.030736982504367388
2025-01-16,turnover_proxy_20d,3,0.03276070903844195
2025-01-16,turnover_proxy_20d,4,0.0594747055750162
2025-01-16,turnover_proxy_20d,5,0.10824856047322488
2025-02-21,turnover_proxy_20d,1,0.009157576474761878
2025-02-21,turnover_proxy_20d,2,0.021275131978756356
2025-02-21,turnover_proxy_20d,3,-0.0013458362194794342
2025-02-21,turnover_proxy_20d,4,-0.008676403253102144
2025-02-21,turnover_proxy_20d,5,-0.07831796954032606
2025-03-21,turnover_proxy_20d,1,-0.014493691910180129
2025-03-21,turnover_proxy_20d,2,-0.024668305057822474
2025-03-21,turnover_proxy_20d,3,-0.036636136099694884
2025-03-21,turnover_proxy_20d,4,-0.05125887370977906
2025-03-21,turnover_proxy_20d,5,-0.061853896215667704
2025-04-21,turnover_proxy_20d,1,0.017865593651875813
2025-04-21,turnover_proxy_20d,2,0.00924934916004778
2025-04-21,turnover_proxy_20d,3,0.028738732540739543
2025-04-21,turnover_proxy_20d,4,0.02878290743372546
2025-04-21,turnover_proxy_20d,5,0.02704796693376327
2025-05-22,turnover_proxy_20d,1,-0.028971304009673318
2025-05-22,turnover_proxy_20d,2,-0.01635258377167762
2025-05-22,turnover_proxy_20d,3,-0.005349979767430924
2025-05-22,turnover_proxy_20d,4,-0.0010234848021533202
2025-05-22,turnover_proxy_20d,5,0.01613550022827629
2025-06-20,turnover_proxy_20d,1,0.05503275546364202
2025-06-20,turnover_proxy_20d,2,0.04808192288642308
2025-06-20,turnover_proxy_20d,3,0.06994921909795015
2025-06-20,turnover_proxy_20d,4,0.06604402544575905
2025-06-20,turnover_proxy_20d,5,0.10658491045205891
2025-07-18,turnover_proxy_20d,1,0.020863399239455536
2025-07-18,turnover_proxy_20d,2,0.042764201575626375
2025-07-18,turnover_proxy_20d,3,0.03859441787831567
2025-07-18,turnover_proxy_20d,4,0.038524841541235005
2025-07-18,turnover_proxy_20d,5,0.07800866929711933
2025-08-15,turnover_proxy_20d,1,0.04918553260647518
2025-08-15,turnover_proxy_20d,2,0.041503648332338564
2025-08-15,turnover_proxy_20d,3,0.036058450819198125
2025-08-15,turnover_proxy_20d,4,0.06208355862918279
2025-08-15,turnover_proxy_20d,5,0.16178371534770372
2025-09-12,turnover_proxy_20d,1,0.0073171922840541415
2025-09-12,turnover_proxy_20d,2,0.0002986805196381226
2025-09-12,turnover_proxy_20d,3,-0.003408258605119451
2025-09-12,turnover_proxy_20d,4,0.0078102584889575945
2025-09-12,turnover_proxy_20d,5,0.015888454866387704
2025-10-20,turnover_proxy_20d,1,0.035909398317926486
2025-10-20,turnover_proxy_20d,2,0.014244375931887376
2025-10-20,turnover_proxy_20d,3,0.013223340384118426
2025-10-20,turnover_proxy_20d,4,0.00916025000955076
2025-10-20,turnover_proxy_20d,5,0.00964735660817798
2025-11-17,turnover_proxy_20d,1,-0.03094480639329921
2025-11-17,turnover_proxy_20d,2,-0.02746967319104021
2025-11-17,turnover_proxy_20d,3,-0.033516638725798215
2025-11-17,turnover_proxy_20d,4,-0.012910754904262921
2025-11-17,turnover_proxy_20d,5,-0.019270492240610185
2025-12-15,turnover_proxy_20d,1,0.018500930966945037
2025-12-15,turnover_proxy_20d,2,0.05255779100841742
2025-12-15,turnover_proxy_20d,3,0.05699507541718259
2025-12-15,turnover_proxy_20d,4,0.08956051482436525
2025-12-15,turnover_proxy_20d,5,0.10805001963903602
2026-01-14,turnover_proxy_20d,1,-0.009466115605945895
2026-01-14,turnover_proxy_20d,2,0.02717048142647862
2026-01-14,turnover_proxy_20d,3,0.022773344253877732
2026-01-14,turnover_proxy_20d,4,-0.00022752883139054436
2026-01-14,turnover_proxy_20d,5,-0.018160809993702613
2026-02-11,turnover_proxy_20d,1,-0.008728751377327707
2026-02-11,turnover_proxy_20d,2,-0.0428406979883778
2026-02-11,turnover_proxy_20d,3,-0.014652378293367673
2026-02-11,turnover_proxy_20d,4,-0.0388401943700402
2026-02-11,turnover_proxy_20d,5,-0.04063287782420887
2026-03-19,turnover_proxy_20d,1,-0.024293872568675944
2026-03-19,turnover_proxy_20d,2,-0.02127957706130054
2026-03-19,turnover_proxy_20d,3,-0.015159029281486916
2026-03-19,turnover_proxy_20d,4,0.015504041086903333
2026-03-19,turnover_proxy_20d,5,0.0614795027943542
2026-04-17,turnover_proxy_20d,1,-0.033769226366048545
2026-04-17,turnover_proxy_20d,2,-0.011036946716099985
2026-04-17,turnover_proxy_20d,3,-0.00787624751886079
2026-04-17,turnover_proxy_20d,4,0.01729706106866124
2026-04-17,turnover_proxy_20d,5,0.08896365140278645
2026-05-20,turnover_proxy_20d,1,-0.056168946828131984
2026-05-20,turnover_proxy_20d,2,-0.04986179666060595
2026-05-20,turnover_proxy_20d,3,-0.04894029086885792
2026-05-20,turnover_proxy_20d,4,-0.018758230018674608
2026-05-20,turnover_proxy_20d,5,0.04369163460370407
