date,factor,rank_ic
2021-03-05,momentum_20d,-0.10177139106325146
2021-04-02,momentum_20d,0.11749739634920153
2021-05-06,momentum_20d,-0.07317328189850253
2021-06-03,momentum_20d,0.02949247791877411
2021-07-02,momentum_20d,0.25275711258914196
2021-07-30,momentum_20d,0.06332490053823493
2021-08-27,momentum_20d,0.07221997218901785
2021-09-28,momentum_20d,-0.34038465484205827
2021-11-02,momentum_20d,-0.23109861911768334
2021-11-30,momentum_20d,-0.13167826614856776
2021-12-28,momentum_20d,0.058404417117609506
2022-01-26,momentum_20d,0.060251746101405775
2022-03-02,momentum_20d,0.09531591746596317
2022-03-30,momentum_20d,0.06932702333449871
2022-04-29,momentum_20d,-0.27809642329359213
2022-06-01,momentum_20d,0.031097824733560136
2022-06-30,momentum_20d,-0.3200580717073335
2022-07-28,momentum_20d,0.10011687984466297
2022-08-25,momentum_20d,0.044340708934833495
2022-09-23,momentum_20d,-0.03679841295996789
2022-10-28,momentum_20d,-0.3380760632372335
2022-11-25,momentum_20d,0.1713797770191768
2022-12-23,momentum_20d,-0.1659967922839468
2023-01-30,momentum_20d,-0.2818660627365315
2023-02-27,momentum_20d,0.1465875426314954
2023-03-27,momentum_20d,0.3254901084734006
2023-04-25,momentum_20d,-0.10204435831999802
2023-05-26,momentum_20d,-0.15671551906132292
2023-06-27,momentum_20d,-0.16415678752820115
2023-07-25,momentum_20d,0.19764817159904094
2023-08-22,momentum_20d,0.06572762649892001
2023-09-19,momentum_20d,0.16591932436529128
2023-10-25,momentum_20d,-0.10067534383868193
2023-11-22,momentum_20d,0.06441470647931422
2023-12-20,momentum_20d,-0.0669361533121766
2024-01-18,momentum_20d,0.09252562132462838
2024-02-23,momentum_20d,-0.21863101584082412
2024-03-22,momentum_20d,-0.12593183140664818
2024-04-23,momentum_20d,-0.09556618357606073
2024-05-24,momentum_20d,-0.036089650459321325
2024-06-24,momentum_20d,0.23903108153254238
2024-07-22,momentum_20d,0.08385187372020135
2024-08-19,momentum_20d,0.022252247247191635
2024-09-18,momentum_20d,-0.13491318928319765
2024-10-23,momentum_20d,0.1612841969618869
2024-11-20,momentum_20d,-0.08854473535084019
2024-12-18,momentum_20d,0.06339472989726107
2025-01-16,momentum_20d,-0.1723521202644969
2025-02-21,momentum_20d,-0.570087570769003
2025-03-21,momentum_20d,0.17618663996568873
2025-04-21,momentum_20d,-0.14266339999492722
2025-05-22,momentum_20d,0.1579497613968137
2025-06-20,momentum_20d,0.0009496131358170977
2025-07-18,momentum_20d,0.33276146889687763
2025-08-15,momentum_20d,0.18967081026216898
2025-09-12,momentum_20d,-0.02154488879724243
2025-10-20,momentum_20d,-0.023201411907973556
2025-11-17,momentum_20d,-0.17452769043677868
2025-12-15,momentum_20d,-0.11040033726708462
2026-01-14,momentum_20d,-0.022168109916019838
2026-02-11,momentum_20d,0.07952705223200753
2026-03-19,momentum_20d,-0.08835084331173099
2026-04-17,momentum_20d,0.07325614386614766
2026-05-20,momentum_20d,0.22001403405332248
2021-03-05,reversal_5d,0.08268146070658211
2021-04-02,reversal_5d,-0.26287165178517136
2021-05-06,reversal_5d,0.06953611736178981
2021-06-03,reversal_5d,-0.024881684381253533
2021-07-02,reversal_5d,0.07251523088145606
2021-07-30,reversal_5d,0.13390415416305007
2021-08-27,reversal_5d,0.07179556820207036
2021-09-28,reversal_5d,-0.08593484148949831
2021-11-02,reversal_5d,0.16978281469648088
2021-11-30,reversal_5d,0.23810761656854765
2021-12-28,reversal_5d,0.12996465145895827
2022-01-26,reversal_5d,-0.0646188102770598
2022-03-02,reversal_5d,-0.16322809848432585
2022-03-30,reversal_5d,-0.10732474389811551
2022-04-29,reversal_5d,-0.1291311338250487
2022-06-01,reversal_5d,-0.1366345071373929
2022-06-30,reversal_5d,0.38702194492336806
2022-07-28,reversal_5d,-0.14586168615156572
2022-08-25,reversal_5d,-0.3374184266550781
2022-09-23,reversal_5d,0.12032903637713116
2022-10-28,reversal_5d,0.277151360125155
2022-11-25,reversal_5d,0.2121148281977093
2022-12-23,reversal_5d,0.17666739364353157
2023-01-30,reversal_5d,0.09705402311486346
2023-02-27,reversal_5d,0.08224768729897278
2023-03-27,reversal_5d,0.32158664118851876
2023-04-25,reversal_5d,0.1302006301184826
2023-05-26,reversal_5d,0.017705416038051272
2023-06-27,reversal_5d,0.22016278812583834
2023-07-25,reversal_5d,-0.2977502727534522
2023-08-22,reversal_5d,-0.22772674045025437
2023-09-19,reversal_5d,-0.1573650169763954
2023-10-25,reversal_5d,0.0825946876192404
2023-11-22,reversal_5d,-0.2817582171478849
2023-12-20,reversal_5d,-0.3419365776545644
2024-01-18,reversal_5d,-0.1745086265639198
2024-02-23,reversal_5d,-0.048789664190172034
2024-03-22,reversal_5d,-0.05054421631903631
2024-04-23,reversal_5d,-0.036721341785455934
2024-05-24,reversal_5d,-0.1263774182354721
2024-06-24,reversal_5d,-0.18827305928283466
2024-07-22,reversal_5d,0.06688298155019558
2024-08-19,reversal_5d,-0.020820900323437093
2024-09-18,reversal_5d,0.1944309679202777
2024-10-23,reversal_5d,-0.18433607525713003
2024-11-20,reversal_5d,-0.22015881520384525
2024-12-18,reversal_5d,-0.20210328784646445
2025-01-16,reversal_5d,-0.03498207988046172
2025-02-21,reversal_5d,0.4664071852712476
2025-03-21,reversal_5d,-0.18849816182225637
2025-04-21,reversal_5d,-0.13604945718689646
2025-05-22,reversal_5d,-0.03171999611116068
2025-06-20,reversal_5d,0.20578798383803268
2025-07-18,reversal_5d,0.0012435831787430845
2025-08-15,reversal_5d,-0.3623550073067662
2025-09-12,reversal_5d,-0.06347368119666336
2025-10-20,reversal_5d,-0.24339883378553934
2025-11-17,reversal_5d,0.2072620272501962
2025-12-15,reversal_5d,0.2088227373693687
2026-01-14,reversal_5d,0.11335759611889805
2026-02-11,reversal_5d,-0.17840882849845321
2026-03-19,reversal_5d,0.14349574286475733
2026-04-17,reversal_5d,-0.15777142984959164
2026-05-20,reversal_5d,-0.19259822242231894
2021-03-05,volatility_20d,-0.11366054163598473
2021-04-02,volatility_20d,0.16088136100194114
2021-05-06,volatility_20d,0.14308476453507096
2021-06-03,volatility_20d,-0.02660839332863211
2021-07-02,volatility_20d,0.0650581535253068
2021-07-30,volatility_20d,-0.2506430832080088
2021-08-27,volatility_20d,-0.26054111712352357
2021-09-28,volatility_20d,-0.19065879553769838
2021-11-02,volatility_20d,-0.040360452933972064
2021-11-30,volatility_20d,-0.11536144840454006
2021-12-28,volatility_20d,-0.2782838629949334
2022-01-26,volatility_20d,0.0013334187509186893
2022-03-02,volatility_20d,-0.1050571673018589
2022-03-30,volatility_20d,-0.06258848015961106
2022-04-29,volatility_20d,0.297707752308359
2022-06-01,volatility_20d,0.25211201238353337
2022-06-30,volatility_20d,-0.1767083006059989
2022-07-28,volatility_20d,-0.21342671220054307
2022-08-25,volatility_20d,-0.44471876851062714
2022-09-23,volatility_20d,-0.07292015748195134
2022-10-28,volatility_20d,-0.16475997457784564
2022-11-25,volatility_20d,0.022241605175188094
2022-12-23,volatility_20d,0.10194291972920166
2023-01-30,volatility_20d,-0.34495266285265397
2023-02-27,volatility_20d,-0.0341402573289636
2023-03-27,volatility_20d,-0.07614125890051401
2023-04-25,volatility_20d,-0.3115456681805708
2023-05-26,volatility_20d,0.1149495331458952
2023-06-27,volatility_20d,-0.3365721955781578
2023-07-25,volatility_20d,-0.32110093933153905
2023-08-22,volatility_20d,-0.2602854598394214
2023-09-19,volatility_20d,-0.17632864493100736
2023-10-25,volatility_20d,0.07379455971486211
2023-11-22,volatility_20d,-0.2296360281243549
2023-12-20,volatility_20d,-0.34126514618974385
2024-01-18,volatility_20d,-0.5261050501872424
2024-02-23,volatility_20d,0.228807190130726
2024-03-22,volatility_20d,-0.48882650841804587
2024-04-23,volatility_20d,-0.025468952484911378
2024-05-24,volatility_20d,-0.19948503546489926
2024-06-24,volatility_20d,-0.12721141481817133
2024-07-22,volatility_20d,-0.42237021437846545
2024-08-19,volatility_20d,-0.020326012656148255
2024-09-18,volatility_20d,0.320630718011351
2024-10-23,volatility_20d,0.185375007847467
2024-11-20,volatility_20d,-0.34891808668869434
2024-12-18,volatility_20d,-0.21620069761891697
2025-01-16,volatility_20d,0.34659469189257147
2025-02-21,volatility_20d,-0.3877745524225418
2025-03-21,volatility_20d,-0.3572319586017575
2025-04-21,volatility_20d,-0.011660784723944969
2025-05-22,volatility_20d,0.017167483111598568
2025-06-20,volatility_20d,0.26655858618790856
2025-07-18,volatility_20d,0.25419965198754896
2025-08-15,volatility_20d,0.3107557457197436
2025-09-12,volatility_20d,-0.012067938175858862
2025-10-20,volatility_20d,-0.19510273509073536
2025-11-17,volatility_20d,-0.0456195646621868
2025-12-15,volatility_20d,0.5033349573752008
2026-01-14,volatility_20d,-0.09159334172218413
2026-02-11,volatility_20d,-0.29163814587272485
2026-03-19,volatility_20d,0.27398236547312566
2026-04-17,volatility_20d,0.12222492719085035
2026-05-20,volatility_20d,-0.06883028166176723
2021-03-05,turnover_proxy_20d,-0.12205050006981885
2021-04-02,turnover_proxy_20d,0.12130825023703119
2021-05-06,turnover_proxy_20d,0.10315492394359937
2021-06-03,turnover_proxy_20d,-0.06292700526427998
2021-07-02,turnover_proxy_20d,0.0879059626504882
2021-07-30,turnover_proxy_20d,-0.18198828309128864
2021-08-27,turnover_proxy_20d,-0.29567261858465094
2021-09-28,turnover_proxy_20d,-0.0716863818993962
2021-11-02,turnover_proxy_20d,-0.09468928484641942
2021-11-30,turnover_proxy_20d,-0.09998410551374823
2021-12-28,turnover_proxy_20d,-0.22856869737878543
2022-01-26,turnover_proxy_20d,0.05273138263716961
2022-03-02,turnover_proxy_20d,0.03021366904076712
2022-03-30,turnover_proxy_20d,-0.04437960421782464
2022-04-29,turnover_proxy_20d,-0.1702352248358315
2022-06-01,turnover_proxy_20d,0.16679264775992764
2022-06-30,turnover_proxy_20d,-0.1214022666899438
2022-07-28,turnover_proxy_20d,-0.050490788841075086
2022-08-25,turnover_proxy_20d,-0.3044762719585773
2022-09-23,turnover_proxy_20d,-0.2491761019566884
2022-10-28,turnover_proxy_20d,-0.18189846553850597
2022-11-25,turnover_proxy_20d,-0.02705833071294764
2022-12-23,turnover_proxy_20d,0.01827033902162107
2023-01-30,turnover_proxy_20d,-0.40334361185545625
2023-02-27,turnover_proxy_20d,-0.0007515639897736677
2023-03-27,turnover_proxy_20d,0.10392737697085523
2023-04-25,turnover_proxy_20d,-0.22559761775130835
2023-05-26,turnover_proxy_20d,0.030198557761752908
2023-06-27,turnover_proxy_20d,-0.23511656287181756
2023-07-25,turnover_proxy_20d,-0.23891071225816055
2023-08-22,turnover_proxy_20d,-0.1506830075889732
2023-09-19,turnover_proxy_20d,-0.017579306436738187
2023-10-25,turnover_proxy_20d,0.02039093854589763
2023-11-22,turnover_proxy_20d,-0.009304103378926433
2023-12-20,turnover_proxy_20d,-0.1315077733562971
2024-01-18,turnover_proxy_20d,-0.020210666763118446
2024-02-23,turnover_proxy_20d,0.04097202901011705
2024-03-22,turnover_proxy_20d,-0.20009023366478867
2024-04-23,turnover_proxy_20d,-0.07600551961749841
2024-05-24,turnover_proxy_20d,0.12688854918133516
2024-06-24,turnover_proxy_20d,0.0853613324813426
2024-07-22,turnover_proxy_20d,-0.16871667259153927
2024-08-19,turnover_proxy_20d,-0.05699263325148057
2024-09-18,turnover_proxy_20d,0.046516932957610925
2024-10-23,turnover_proxy_20d,-0.079930674777573
2024-11-20,turnover_proxy_20d,-0.13720287305446513
2024-12-18,turnover_proxy_20d,0.01663370589914791
2025-01-16,turnover_proxy_20d,0.27881177705010834
2025-02-21,turnover_proxy_20d,-0.36747058062339805
2025-03-21,turnover_proxy_20d,-0.20732996571922746
2025-04-21,turnover_proxy_20d,0.1055644093286346
2025-05-22,turnover_proxy_20d,0.17165992640584185
2025-06-20,turnover_proxy_20d,0.1504468728442333
2025-07-18,turnover_proxy_20d,0.10610426865495595
2025-08-15,turnover_proxy_20d,0.16253639240216422
2025-09-12,turnover_proxy_20d,0.02408546802502761
2025-10-20,turnover_proxy_20d,-0.1844077780978865
2025-11-17,turnover_proxy_20d,0.06710564196331578
2025-12-15,turnover_proxy_20d,0.2490042975360996
2026-01-14,turnover_proxy_20d,-0.13592948581386877
2026-02-11,turnover_proxy_20d,-0.15110233215864963
2026-03-19,turnover_proxy_20d,0.2683352633552135
2026-04-17,turnover_proxy_20d,0.1903374693427127
2026-05-20,turnover_proxy_20d,0.14010161895205506
